equipment_type,equipment_id,engine_model,engine_type,engine_aspiration,engine_number_of_cylinders,engine_bore_x_stroke,engine_piston_displacement,engine_horsepower_gross_sae_j1995,engine_horsepower_net_iso_9249_sae_j1349,engine_rated_rpm,engine_fan_drive_method,engine_emissions_certification,hydraulic_system_type,hydraulic_system_number_of_selectable_working_modes,hydraulic_system_main_pump_type,hydraulic_system_pump_for,hydraulic_system_maximum_flow,hydraulic_system_travel,hydraulic_system_swing,hydraulic_system_implement_circuits,hydraulic_system_travel_circuit,hydraulic_system_swing_circuit,drives_and_brakes_steering_control,drives_and_brakes_drive_method,drives_and_brakes_maximum_drawbar_pull,drives_and_brakes_travel_speeds,drives_and_brakes_service_brake,drives_and_brakes_parking_brake,swing_system_driven_by,swing_system_swing_reduction,swing_system_swing_circle_lubrication,swing_system_service_brake,swing_system_swing_speed,coolant_and_lubricant_capacity_fuel_tank,coolant_and_lubricant_capacity_coolant,coolant_and_lubricant_capacity_engine,coolant_and_lubricant_capacity_differential_each_side,coolant_and_lubricant_capacity_swing_drive,coolant_and_lubricant_capacity_hydraulic_tank,coolant_and_lubricant_capacity_def_tank,weights_operating_weight,hydraulic_system_pilot_circuit,hydraulic_system_hydraulic_cylinders,hydraulic_system_boom,hydraulic_system_arm,hydraulic_system_bucket,drives_and_brakes_gradeability,swing_system_swing_lock,undercarriage_center_frame,undercarriage_track_frame,undercarriage_track_type,undercarriage_track_adjuster,undercarriage_number_of_shoes_each_side,undercarriage_number_of_carrier_rollers_each_side,undercarriage_number_of_track_rollers_each_side,undercarriage_shoe_size_and_type,coolant_and_lubricant_capacity_coolant_engine,coolant_and_lubricant_capacity_coolant_hybrid,coolant_and_lubricant_capacity_final_drive_each_side,coolant_and_lubricant_capacity_generator_motor,weights_operating_weights,dimensions_transport_position_length_overall_mm,dimensions_transport_position_track_length_on_ground_mm,dimensions_transport_position_track_gauge_mm,dimensions_transport_position_overall_track_width_mm,dimensions_transport_position_overall_height_mm,dimensions_transport_position_ground_clearance_mm,operation_boom_size_m_and_type,operation_arm_size_m_and_type,operation_arm_crowd_force_iso_kgf,operation_bucket crowd_force_iso_kgf,operation_digging_depth_maximum_mm,operation_digging_reach_maximum_mm,operation_maximum_reach_@_ground_level,operation_swing_radius_mm,coolant_and_lubricant_capacity_swing_motor,hydraulic_system_for_implement_and_travel,hydraulic_system_for_swing,hydraulic_system_bottom_dump,coolant_and_lubricant_capacity_pto,weights_without_blade,weights_with_blade,swing_system_swing_torque,operation_bucket_digging_force_iso_kgf,engine_horsepower_iso_9249_sae_j1349,engine_horsepower_fan_at_maximum_speed,undercarriage_centre_frame,coolant_and_lubricant_capacity_radiator,dimensions_transport_position_track_length_on_ground_mm_transport,dimensions_transport_position_overall_width_mm,dimensions_transport_position_overall_height_mm_to_top_of_cab,dimensions_transport_position_ground_clearance_mm_counterweight,operation_boom_size_m,operation_arm_size_m,operation_arm_crowd_force_iso_kn,operation_bucket crowd_force_iso_kn,weights_pc2008m0,weights_pc200lc8m0,dimensions_transport_position,hydraulic_system_fan,drives_and_brakes_travel_gear,swing_system_swing_gear,swing_system_swing_holding_brakes,coolant_and_lubricant_capacity_travel_gear_each_side,coolant_and_lubricant_capacity_hydraulic_system,weights_pc21011,weights_pc210lc11,weights_pc2208m0,weights_pc220lc8m0,weights_pc228us11,weights_pc228uslc11,weights_pc228us8 without_blade,weights_pc228us8 with_blade,weights_pc228uslc8 without_blade,weights_pc228uslc8 with_blade,dimensions_arm_length,dimensions_boom_length,weights_pc2708,weights_pc270lc8,operation,weights_pc3008m0,weights_pc300lc8m0,engine_number_od_cylinders,engine_rated_power,hydraulic_system_maximum_hydraulic_pump_flows,hydraulic_system_swing_flow_rate,hydraulic_system_high_pressure_in_line_filters,drives_and_brakes_type,drives_and_brakes_power_output,drives_and_brakes_voltage,drives_and_brakes_amperage,drives_and_brakes_frequency_standard,drives_and_brakes_frequency_option,drives_and_brakes_travel_control,drives_and_brakes_travel_speed,electric_system_system,electric_system_batteries_seriesparallel,electric_system_alternator,electric_system_standard_working_lights,electric_system_standard_service_lights,swing_system_hydraulic_motors_and_drives,swing_system_swing_brake_service,swing_system_service_brake_parking,swing_system_swing_ring_teeth,coolant_and_lubricant_capacity_hydraulic_oil_tank,bucket_standard,bucket_other_optional_available_sizes,coolant_and_lubricant_capacity_diesel_exhaust_fluid_def_tank,hydraulic_system_rated_flow,coolant_and_lubricant_capacity_engine_oil,coolant_and_lubricant_capacity_reverse_engine_oil_make_up_tank,hydraulic_system_implement_circuits_backhoe,hydraulic_system_implement_circuit_loading_shovel,electric_system_battery_charger,hydraulic_system_boom_offset,hydraulic_system_heavy_lift_circuit
excavators,pw98mr-10,Komatsu SAAD95LE-6,"Water-cooled, 4-cycle, direct injection","Turbocharged, aftercooled",4,95 mm x 115 mm,3.26 ltr,50.7 kW / 68 HP,49 kW / 65.7 HP,1950,Mechanical,EPA Tier 4,HydrauMind System,6,"Variable displacement, axial piston","Boom, arm, bucket, and travel circuits",160 ltr/min,"1 x piston motor, variable displacement",1 x piston motor with swing holding brake,270 kgf/cm3,270 kgf/cm3,215 kgf/cm3,Two levers with pedals,Fully hydrostatic,123 kN 12500 kgf,4 / 30 km/h,Hydraulic lock,Hydraulic Negative type,Hydraulic motor,Planetary gear,Grease-bathed,Hydraulic lock,10 rpm,125 ltr,10 ltr,11.5 ltr,9 ltr,2.8 ltr,140 ltr,None,"9,950 - 10,500 kg",,,,,,,,,,,,,,,,,,,,,,,,,,,,,,,,,,,,,,,,,,,,,,,,,,,,,,,,,,,,,,,,,,,,,,,,,,,,,,,,,,,,,,,,,,,,,,,,,,,,,,,,,,,,,,,,,,,
excavators,hb215lc-1m0,Komatsu SAA4D107E-1-A,"Water-cooled, 4-cycle, direct injection","Turbocharged, aftercooled",4,107 mm x 124 mm,4.46 ltr,110 kW / 148 HP,104 kW / 139 HP,2000,Mechanical,EPA Tier 3,HydrauMind System,5,Variable displacement piston,"Boom, arm, bucket, swing, and travel circuits",439 ltr/min,2 x axial piston motors with parking brake,,380 kgf/cm3,380 kgf/cm3,,Two levers with pedals,Fully hydrostatic,178 kN 18200 kgf,3.0 / 5.5 km/h,Hydraulic lock,Mechanical disc brake,Electric dirve,Planetary gear,Grease-bathed,Electric brake,12.4 rpm,400 ltr,,,,7.1 ltr,135 ltr,12.6 ltr,,33 kgf/cm3,Bore x Stroke x Rod diameter,2-120 mm x 1334 mm x 85 mm,1-135 mm x 1490 mm x 95 mm,1-115 mm x 1120 mm x 80 mm,70 %,Mechanical disc break,X-frame leg,Box-section,Sealed track,Hydraulic,45 - 49,2,7 - 9,600 mm triple grouser,17.3 ltr,5.5 ltr,3.3 ltr,6 ltr,"21,810 - 22,050 kg",9425,3655,2380,3080,3040,440,5.70 standard,2.925 standard,11000,15200,6620,9875,9700,2750,,,,,,,,,,,,,,,,,,,,,,,,,,,,,,,,,,,,,,,,,,,,,,,,,,,,,,,,,,,,,,,,,,,,,,,,,,,,,,,,,
excavators,hb335lc-1,Komatsu SAA6D114E-5,"Water-cooled, 4-cycle, direct injection","Turbocharged, aftercooled, cooled EGR",6,114 mm x 145 mm,8.85 ltr,202 kW / 271 HP,189 kW / 253 HP,1950,Mechanical,EPA Tier 3,HydrauMind System,6,Variable displacement piston type,"Boom, arm, bucket, swing, and travel circuits",535 ltr/min,2 x axial piston motor with parking brake,,380 kgf/cm3,380 kgf/cm3,,Two levers with pedals,Fully hydrostatic,290 kN 29600 kgf,3.2 / 5.5 km/h,Hydraulic lock,Mechanical disc brake,Electric drive,Planetary gear,Grease-bathed,Electric brake,9.5 rpm,605 ltr,42 ltr,11.7 ltr,,15.6 ltr,188 ltr,None,"35,680 - 36,220 kg",33 kgf/cm3,Bore x Stroke x Rod diameter,2-140 mm x 1480 mm x 100 mm,1-160 mm x 1825 mm x 110 mm,1-140 mm x 1285 mm x 100 mm,70 %,Mechanical disc brake,X-frame leg,Box-section,Sealed track,Hydraulic,48,2,8,600 mm triple grouser,,,9.0 ltr,,,11145,4030,2590,3190,3285,500,6.47 Heavy duty,3.2 Heavy duty,17400,23100,7380,11100,10920,3445,3.0 ltr,,,,,,,,,,,,,,,,,,,,,,,,,,,,,,,,,,,,,,,,,,,,,,,,,,,,,,,,,,,,,,,,,,,,,,,,,,,,,,,,
excavators,pc1250sp-8r,Komatsu SAA6D170E-5,"Water-cooled, 4-cycle, direct injection","Turbocharged, aftercooled",6,170 mm x 170 mm,23.15 ltr,514 kW / 688 HP,502 kW / 672 HP,1800,Hydraulic,,Open-center load-sensing System,2,Variable displacement piston type,"Boom, arm, bucket, swing, and travel circuits",,2 x axial piston motor with parking brake,2 x axial piston motor with swing holding brake,320 kgf/cm3,350 kgf/cm3,280 kgf/cm3,Two levers with pedals,Fully hydrostatic,686 kN 70000 kgf,2.1 / 3.2 km/h,Hydraulic lock,,Hydraulic Motors,Planetary gear,Grease-bathed,,5.8 rpm,1360 ltr,142 ltr,86 ltr,,2 x 20 ltr,670 ltr,,"106,500 - 110,900 kg",33 kgf/cm3,Bore x Stroke x Rod diameter,2- 225 mm x 2390 mm,1-250 mm x 2435 mm,2-160 mm x 1825 mm,70 %,Oil disc brake,H-frame leg,Box-Section,Sealed track,Hydraulic,48,3,8,,,,21 ltr,,,,,,,,,,,,,,,,,,2 x 494 ltr/min,1 x 600 ltr/min,2-160 mm x 435,13.5 ltr,,,,,,,,,,,,,,,,,,,,,,,,,,,,,,,,,,,,,,,,,,,,,,,,,,,,,,,,,,,,,,,,,,,,,,,,,,,,
excavators,pc130-8,Komatsu SAAD95LE-5,"Water-cooled, 4-cycle, direct injection","Variable flow, turbocharged, Water-cooled",4,,3.26 ltr,72.1 kW,68.4 kW,2200,,EPA Tier 3,HydrauMind System,5,Variable displacement system,"Boom, arm, bucket, swing, and travel circuits",241.5 ltr/min,,,,,,Two levers with pedals,Fully hydrostatic,122.6 kN 12500 kgf,2.9 / 5.5 km/h,Hydraulic lock,Mechanical disc brake,Hydrostatic,Planetary gear,Grease-bathed,Hydraulic lock,11.0 rpm,247 ltr,13.9 ltr,11.5 ltr,,2.5 ltr,90 ltr,None,,,,,,,,Mechanical Disc brake,X-frame leg,Box-bathed,Sealed track,Hydraulic,43,1,7,500 mm triple grouser,,,2.1 ltr,,,7590,2880,1990,2490,2875,400,4.6 standard,2.5 standard,6880,9520,5520,8290,8170,2190,,,,,,"12,920 - 13,060 kg","14,060 - 14,200 kg",,,,,,,,,,,,,,,,,,,,,,,,,,,,,,,,,,,,,,,,,,,,,,,,,,,,,,,,,,,,,,,,,,,,,,,,,,
excavators,pc138us-11,Komatsu SAA4D95LE-7,"Water-cooled, 4-cycle, direct injection","Variable flow, turbocharged, air-to-air aftercooled",4,95 mm x 115 mm,3.26 ltr,72.6 kW,72.5 kW,2050,Mechanical with viscous clutch,EPA Tier 4,HydrauMind System,6,Variable capacity piston type,"Boom, arm, bucket, swing, and travel circuits",242 ltr/min,2 x piston motor with parking brake,1 x piston motor with swing holding brake,355 kgf/cm3,355 kgf/cm3,298 kgf/cm3,Two levers with pedals,Fully hydrostatic,123 kN 12500 kgf,2.9 / 5.1 km/h,Hydraulic lock,"Wet, multiple-disc",,Planetary gear,Grease-bathed,Hydraulic lock,11.0 rpm,200 ltr,17.7 ltr,11.5 ltr,,2.5 ltr,69.0 ltr,12.6 ltr,"15,140 – 15,500 kg",33 kgf/cm3,Bore x Stroke x Rod diameter,2-105 mm x 1055 mm x 70mm,1-110 mm x 1175 mm x 75 mm,1-95 mm x 885 mm x 65 mm,70 %,"Wet, multiple-disc brake",X-frame leg,Box-bathed,Sealed track,Hydraulic,43,1,7,500 mm steel city pattern,,,2.1 ltr,,,7260,2880,1990,2490,2850,395,4.6 standard,2.5 standard,6300,9500,5480,8300,8180,1980,,,,,,,,2991 kg.m,,,,,,,,,,,,,,,,,,,,,,,,,,,,,,,,,,,,,,,,,,,,,,,,,,,,,,,,,,,,,,,,,,,,,,,,,
excavators,pc138us-8,Komatsu SAAD95LE-5,"Water-cooled, 4-cycle, direct injection","Variable flow, turbocharged, air-to-air aftercooled",4,95 mm x 115 mm,3.26 ltr,72.1 kW,68.4 kW,2200,,EPA Tier 3,HydrauMind System,,Variable capacity piston type,"Boom, arm, bucket, swing, and travel circuits",241.5 ltr/min,2 x piston motor with parking brake,1 x piston motor with swing holding brake,355 kgf/cm3,355 kgf/cm3,276 kgf/cm3,Two levers with pedals,Fully hydrostatic,123 kN 12500 kgf,2.9 / 5.1 km/h,Hydraulic lock,"Wet, multiple-disc",,Planetary gear,Grease-bathed,,11.0 rpm,195 ltr,12.4 ltr,11.0 ltr,,2.5 ltr,69.0 ltr,None,"14,560 - 14,870 kg",33 kgf/cm3,Bore x Stroke x Rod diameter,2-105 mm x 1055 mm x 70mm,1-110 mm x 1175 mm x 75 mm,1-95 mm x 885 mm x 65 mm,,"Wet, multiple-disc brake",X-frame leg,Box-bathed,Sealed track,Hydraulic,43,1,7,500 mm triple grouser,,,2.1 ltr,,,7260,2880,1990,2490,2850,395,4.6 standard,2.5 standard,6300,9500,5480,8300,8180,1480,,,,,,,,,,,,,,,,,,,,,,,,,,,,,,,,,,,,,,,,,,,,,,,,,,,,,,,,,,,,,,,,,,,,,,,,,,,,,,,,,
excavators,pc138us-8os,Komatsu SAA4D95LE-5,"Water-cooled, 4-cycle, direct injection","Variable flow, turbocharged, air-to-air aftercooled",4,95 mm x 115 mm,3.26 ltr,72 kW,68 kW,2200,,,HydrauMind System,,Variable capacity piston type,"Boom, arm, bucket, swing, and travel circuits",242 ltr/min,2 x piston motor with parking brake,1 x piston motor with swing holding brake,355 kgf/cm3,355 kgf/cm3,276 kgf/cm3,Two levers with pedals,Fully hydrostatic,123 kN 12500 kgf,2.9 / 5.1 km/h,,,,Planetary gear,Grease-bathed,Hydraulic lock,11.0 rpm,195 ltr,12.4 ltr,11 ltr,,2.5 ltr,69.0 ltr,,"15,025 - 15,170 kg",33 kgf/cm3,,,,,,"Wet, multiple-disc brake",X-frame leg,Box-bathed,Sealed track,Combined Spring & Hydraulic roller,43,1,7,500 mm steel city pattern,,,2.5 ltr,,,6800,2880,1990,2490,3245,395,4.29 standard,2.13 standard,7300,,4820,7285,7315,1480,,,,,,,,3357 kg.m,9000,,,,,,,,,,,,,,,,,,,,,,,,,,,,,,,,,,,,,,,,,,,,,,,,,,,,,,,,,,,,,,,,,,,,,,,,
excavators,pc138uslc-11,Komatsu SAA4D95LE-7,"Water-cooled, 4-cycle, direct injection","Variable flow, turbocharged, air-to-air aftercooled",4,95 mm x 115 mm,3.26 ltr,72.6 kW,72.5 kW,2050,Mechanical with viscous clutch,EPA Tier 4,HydrauMind System,6,Variable capacity piston type,"Boom, arm, bucket, swing, and travel circuits",242 ltr/min,2 x piston motor with parking brake,1 x piston motor with swing holding brake,355 kgf/cm3,355 kgf/cm3,298 kgf/cm3,Two levers with pedals,Fully hydrostatic,123 kN 12500 kgf,2.9 / 5.1 km/h,Hydraulic lock,"Wet, multiple-disc",Hydraulic motor,Planetary gear,Grease-bathed,Hydraulic lock,11.0 rpm,200 ltr,17.7 ltr,11.5 ltr,,2.5 ltr,69.0 ltr,12.6 ltr,"15,630 – 16,030 kg",33 kgf/cm3,Bore x Stroke x Rod diameter,2-105 mm x 1055 mm x 70mm,1-110 mm x 1175 mm x 75 mm,1-95 mm x 885 mm x 65 mm,70 %,"Wet, multiple-disc brake",X-frame leg,Box-section,Sealed track,Hydraulic,46,2,8,,,,2.1 ltr,,,7385,3140,1990,2490,2815,395,4.6 standard,2.5 standard,6300,9500,5480,8300,8180,1980,,,,,,,,2991 kg.m,,,,,,,,,,,,,,,,,,,,,,,,,,,,,,,,,,,,,,,,,,,,,,,,,,,,,,,,,,,,,,,,,,,,,,,,,
excavators,pc160lc-8,Komatsu SAA4D107E-1,"Water-cooled, 4-cycle, direct injection","Turbocharged, aftercooled",4,107 mm x 124 mm,4.46 ltr,90 kW / 121 HP,86 kW / 115 HP,2200,Mechanical,EPA Tier 3,HydrauMind System,4,Variable displacement piston,"Boom, arm, bucket, swing, and travel circuits",312 ltr/min,2 x axial piston motor with parking brake,1 x axial piston motor with swing holding brake,380 kgf/cm3,380 kgf/cm3,295 kgf/cm3,Two levers with pedals,Fully hydrostatic,156 kN 15950 kgf,3.4 / 5.5 km/h,Hydraulic lock,Mechanical disc brake,Hydrostatic,Planetary gear,Grease-bathed,Hydraulic lock,12 rpm,280 ltr,18.5 ltr,16.0 ltr,,4.5 ltr,121 ltr,None,"17,370 - 17,440 kg",33 kgf/cm3,Bore x Stroke x Rod diameter,2-110 mm x 1175 mm x 75 mm,1-120 mm x 1342 mm x 85 mm,1-105 mm x 1027 mm x 70 mm,70 %,Mechanical disc brake,X-frame leg,Box-section,Sealed track,Hydraulic,44,2,7,500 mm Triple grouser,,,3.3 ltr,,,8565,3170,1990,2490,3025,440,5.15 standard,2.610 standard,8800,12500,5960,8960,8800,2435,,,,,,,,,,,,,,,,,,,,,,,,,,,,,,,,,,,,,,,,,,,,,,,,,,,,,,,,,,,,,,,,,,,,,,,,,,,,,,,,,
excavators,pc170lc-11,Komatsu SAA4D107E-3* Tier 4 Final,"Water-cooled, 4-cycle, direct injection","Variable geometry turbocharged,  aftercooled, cooled EGR",4,107 mm x 124 mm,4.46 ltr,,,2100,Mechanical with viscous fan clutch,EPA Tier 4,HydrauMind (Hydraulic Mechanical Intelligence),6,Variable capacity piston type,"Boom, arm, bucket, swing, and travel circuits",312 ltr/min,2 x piston motors with parking brake,1 x axial piston motor with swing holding brake,380 kgf/cm3,380 kgf/cm3,295 kgf/cm3,Two levers with pedals,Fully hydrostatic,156 kN 15950 kgf,3.0 km/h / 5.5 km/h,Hydraulic lock,Mechanical disc brake,Hydraulic motor,Planetary gear,Grease-bathed,,12 rpm,300 ltr,,18.0 ltr,,4.5 ltr,121 ltr,29.6 ltr,"17,710 – 18,390 kg",33 kgf/cm3,Bore x Stroke x Rod Diameter,2-110 mm x 1175 mm x 75 mm,1-120 mm x 1342 mm x 85 mm,1-105 mm x 1027 mm x 70 mm,70%,Mechanical disc brake,,Box-section,Sealed track,Hydraulic,44,2,7,500 mm Triple grouser,,,5.4 ltr,,,8690,,1990,,,,,,,,5960.0,8690.0,8800.0,2545.0,,,,,,,,,,90 kW / 121 HP,85 kW / 114 HP,X-frame leg,27.3 ltr,4760,2490,3020,1055,5.15,2.62,80.4,123.0,,,,,,,,,,,,,,,,,,,,,,,,,,,,,,,,,,,,,,,,,,,,,,,,,,,,,,,,,,,,
excavators,pc18mr-3,Komatsu 3D67E-2,Swirl Chamber,,3,,0.78 ltr,11.2 kW,11.2 kW,2600,Mechanical,EPA Tier 3,HydrauMind System,,Variable displacement pump,"Boom, arm, bucket, swing, and travel circuits",95.9 ltr/min,2 x Variable capacity,1 x Fixed capacity,,,,Two levers with pedals,Fully hydrostatic,1700 kg,2.3 / 4.3 km/h,Hydraulic lock,,Hydraulic motor,,,Hydraulic lock,8.9 rpm,19 ltr,3.1 ltr,3.3 ltr,,,15.2 ltr,None,"1,780 kg",,,,,,58 %,,,,,Grease,35,0,3,,,,,,,,,,,,,,,,,,,,,,,,,,,,,,,,,,,,,,,,,,,,,,,,,,,,,,,,,,,,,,,,,,,,,,,,,,,,,,,,,,,,,,,,,,,,,,,,,,,,,
excavators,pc200-lc-8m0,Komatsu SAA6D107E-1,"Water-cooled, 4-cycle, direct injection","Turbocharged, aftercooled",6,107 mm x 124 mm,6.69 ltr,110 kW / 147 HP,103 kW / 138 HP,2000,Mechanical,EPA Tier 3,HydrauMind System,6,Variable displacement piston type,"Boom, arm, bucket, swing, and travel circuits",439 ltr/min,2 x axial piston motor with parking brake,1 x axial piston motor with swing holding brake,380 kgf/cm3,380 kgf/cm3,295 kgf/cm3,Two levers with pedals,Fully hydrostatic,178 kN 18200 kgf,3.0/ 5.5 km/h,Hydraulic lock,Mechanical disc brake,Hydrostatic,Planetary gear,Grease-bathed,Hydraulic lock,12.4 rpm,400 ltr,20.4 ltr,23.1 ltr,,6.5 ltr,135 ltr,None,,33 kgf/cm3,Bore x Stroke x Rod diameter,2-120 mm x 1334 mm x 85 mm,1-135 mm x 1490 mm x 95 mm,1-115 mm x 1120 mm x 80 mm,70 %,Mechanical disc brake,X-frame leg,Box-section,Sealed track,Hydraulic,45 - 49,2,7 - 9,600 mm Triple grouser,,,3.6 ltr,,,9425,3275,2200,2800,3040,440,5.70 standard,2.925 standard,11000,15200,6620,9875,9700,2750,,,,,,,,,,,,,,,,,,,,,,"20,940 - 21,180 kg","21,720 - 21,960 kg",PC200-8M0,,,,,,,,,,,,,,,,,,,,,,,,,,,,,,,,,,,,,,,,,,,,,,,,,,,,,,,,,
excavators,pc2000-8,Komatsu SAA12V140E-3,"Water-cooled, 4-cycle, direct injection","Turbocharged, aftercooled",12,140 mm x 165 mm,30.48 ltr,728 kW / 976 HP,713 kW / 956 HP,1800,Hydraulic,EPA Tier 2,Open-center load-sensing System,2,Variable displacement piston type,"Boom, arm, bucket, swing, and travel circuits",,2 x axial piston motor with parking brake,2 x axial piston motor with swing holding brake,300 kgf/cm3,335 kgf/cm3,300 kgf/cm3,,,,1.7 / 2.7 km/h,,Mechanical disc brake,,,Grease,,5.8 rpm,3400 ltr,180 ltr,120 ltr,,2 x 30 ltr,1300 ltr,None,"195,000 - 204,120 kg",30 kgf/cm3,Bore x Stroke x Rod diameter,2- 300 mm x 2647 mm,2- 250 mm x 2138 mm,2-200 mm x 2170 mm,65 %,,,,,Grease,49,3,8,,,,,,,,,,,,,,,,,,,,,,2317 ltr/min,324 ltr/min,2-180 mm x 600 mm,30 ltr,,,,,,,,,,,,,,,,,,,,2 x axial piston motors,Planetary gear,2 x Planetary gear,Mechanical disc brakes,85 ltr,,,,,,,,,,,,,,,,,,,,,,,,,,,,,,,,,,,,,,,,,,,,,,,,,,,,
excavators,pc210-lc-11,Komatsu SAA6D107E-3,"Water-cooled, 4-cycle, direct injection","Turbocharged, aftercooled, cooled EGR",6,107 mm x 124 mm,6.69 ltr,122.8 kW / 165 HP,118.6 kW / 159 HP,2000,Mechanical with viscous fan clutch,EPA Tier 4,HydrauMind System,6,Variable displacement piston type,"Boom, arm, bucket, swing, and travel circuits",490 ltr/min,2 x axial piston motor with parking brake,1 x axial piston motor with swing holding brake,380 kgf/cm3,380 kgf/cm3,295 kgf/cm3,Two levers with pedals,Fully hydrostatic,202 kN 20570 kgf,3.0/ 5.5 km/h,Hydraulic lock,Mechanical disc brake,Hydrostatic,Planetary gear,Grease-bathed,Hydraulic lock,12.4 rpm,400 ltr,30.7 ltr,23.1 ltr,,6.5 ltr,132 ltr,23.1 ltr,,33 kgf/cm3,Bore x Stroke x Rod diameter,2-130 mm x 1334 mm x 90 mm,1-135 mm x 1490 mm x 95 mm,1-115 mm x 1120 mm x 80 mm,70 %,Mechanical disc brake,X-frame leg,Box-section,Sealed track,Hydraulic,49,2,9,600 mm triple grouser,,,5.0 ltr,,,9705,3275,2200,2800,3045,440,5.7 standard,2.9 standard,11000,15200,6620,9875,9700,3020,,,,,,,,6900 kgm,,,,,,,,,,,,,,,,PC210-11,,,,,,234 ltr,"22,410 – 23,180 kg","23,000 – 23,830 kg",,,,,,,,,,,,,,,,,,,,,,,,,,,,,,,,,,,,,,,,,,,,,,,,,
excavators,pc210lci-10,Komatsu SAA6D107E-2,"Water-cooled, 4-cycle, direct injection","Turbocharged, aftercooled, cooled EGR",6,107 mm x 124 mm,6.69 ltr,123 kW / 165 HP,118 kW / 158 HP,2000,Mechanical,EPA Tier 4 interim,HydrauMind System,6,Variable displacement piston type,"Boom, arm, bucket, swing, and travel circuits",475 ltr/min,2 x axial piston motor with parking brake,1 x axial piston motor with swing holding brake,380 kgf/cm3,380 kgf/cm3,295 kgf/cm3,Two levers with pedals,Fully hydrostatic,202 kN 20570 kgf,3.0 / 5.5 km/h,Hydraulic lock,Mechanical disc brake,Hydrostatic,Planetary gear,Grease-bathed,Hydraulic lock,12.4 rpm,400 ltr,30.7 ltr,23.1 ltr,,6.5 ltr,135 ltr,None,"23,330 kg",33 kgf/cm3,Bore x Stroke x Rod diameter,2-130 mm x 1334 mm x 90 mm,1-135 mm x 1490 mm x 95 mm,1-115 mm x 1120 mm x 80 mm,70 %,Mechanical disc brake,X-frame leg,Box-section,Sealed track,Hydraulic,49,2,9,600 mm triple grouser,,,5.0 ltr,,,9625,3655,2380,2980,3045,440,5.70 standard,2.9 standard,11000,15200,6620,9875,9700,2940,,,,,,,,,,,,,,,,,,,,,,,,,,,,,,,,,,,,,,,,,,,,,,,,,,,,,,,,,,,,,,,,,,,,,,,,,,,,,,,,,
excavators,pc220-lc-8m0,Komatsu SAA6D107LE-1,"Water-cooled, 4-cycle, direct injection","Turbocharged, aftercooled",6,107 mm x 124 mm,6.69 ltr,129 kW / 147 HP,123 kW / 164 HP,2000,Mechanical,EPA Tier 3,HydrauMind System,6,Variable displacement piston type,"Boom, arm, bucket, swing, and travel circuits",439 ltr/min,2 x axial piston motor with parking brake,1 x axial piston motor with swing holding brake,380 kgf/cm3,380 kgf/cm3,295 kgf/cm3,Two levers with pedals,Fully hydrostatic,202 kN 20570 kgf,3.1 / 5.5 km/h,Hydraulic lock,Mechanical disc brake,Hydrostatic,Planetary gear,Grease-bathed,Hydraulic lock,11.7 rpm,400 ltr,19.9 ltr,23.1 ltr,,7.2 ltr,135 ltr,None,,33 kgf/cm3,Bore x Stroke x Rod diameter,2-130 mm x 1335 mm x 90 mm,1-145 mm x 1635 mm x 100 mm,1-130 mm x 1020 mm x 90 mm,70 %,Mechanical disc brake,X-frame leg,Box-bathed,Sealed track,Hydraulic,47 - 51,2,8 - 10,600 mm triple grouser,,,5.0 ltr,,,9885,3460,2380,2980,3185,440,5.85 standard,3.045 standard,13200,17500,6920,10180,10020,2940,,,,,,,,,,,,,,,,,,,,,,,,PC220-8M0,,,,,,,,,"24,110 - 24,440 kg","24,860 - 25,190 kg",,,,,,,,,,,,,,,,,,,,,,,,,,,,,,,,,,,,,,,,,,,,,,,
excavators,pc228us-lc-11,Komatsu SAA6D107E-3,"Water-cooled, 4-cycle","Turbocharged, aftercooled",6,107 mm x 124 mm,6.69 ltr,123 kW / 165 HP,123 kW / 165 HP,2000,,EPA Tier 4,Closed-centre system with load sensing,,Variable capacity piston type,"Boom, arm, bucket, swing, and travel circuits",490 ltr/min,2 x axial piston motor with parking brake,1 x axial piston motor with swing holding brake,380 kgf/cm3,380 kgf/cm3,299 kgf/cm3,Two levers with pedals,Fully hydrostatic,202 kN 20600 kgf,3.0 / 5.5 km/h,Hydraulic lock,Mechanical disc brake,Hydraulic motor,Planetary gear,Grease-bathed,,11.0 rpm,290 ltr,28.3 ltr,23.1 ltr,,6.5 ltr,126 ltr,13 ltr,,33 kgf/cm3,Bore x Stroke x Rod diameter,2-130 mm x 1385 mm x 90 mm,1-135 mm x 1490 mm x 95 mm,1-115 mm x 1120 mm x 80 mm,70 %,Mechanical disc brake,X-frame leg,Box-section,Sealed track,Hydraulic,49,2,9,600 mm triple grouser,,,5.0 ltr,,,8830,3460,2380,2980,3080,440,5.7 standard,2.9 standard,11000,15200,6620,9875,9700,2310,,,,,,,,,,,,,,,,,,,,,,,,PC228US-11,,,,,,,,,,,"23,520 - 24,300 kg","23,890 - 24,670 kg",,,,,,,,,,,,,,,,,,,,,,,,,,,,,,,,,,,,,,,,,,,,,
excavators,pc228us-lc-8,Komatsu SAA6D107E-1,"Water-cooled, 4-cycle","Turbocharged, aftercooled",6,107 mm x 124 mm,6.69 ltr,116 kW / 155 HP,110 kW / 148 HP,2000,,EPA Tier 3,HydrauMind System,,Variable capacity piston type,"Boom, arm, bucket, swing, and travel circuits",428 ltr/min,2 x axial piston motor with parking brake,1 x axial piston motor with swing holding brake,355 kgf/cm3,380 kgf/cm3,290 kgf/cm3,Two levers with pedals,Fully hydrostatic,202 kN 20600 kgf,3.0 / 5.5 km/h,Hydraulic lock,Mechanical disc brake,Hydraulic motor,Planetary gear,Grease-bathed,Hydraulic lock,,320 ltr,21.0 ltr,23.1 ltr,,7.1 ltr,126 ltr,None,,33 kgf/cm3,Bore x Stroke x Rod diameter,2-120 mm x 1385 mm,1-135 mm x 1490 mm,1-115 mm x 1120 mm,70 %,Mechanical disc brake,X-frame leg,Box-section,Sealed track,Hydraulic,45 - 49,2,7 - 9,600 mm triple grouser,,,5.2 ltr,,,8700,3275,2200,2800,3050,440,5.7 standard,2.925 standard,11000,15200,6620,9875,9700,1680,,,,,,,,,,,,,,,,,,,,,,,,PC228US-8,,,,,,,,,,,,,"23,070 - 23,210 kg","25,610 - 25,750 kg","23,750 - 23,990 kg","26,430 - 26,670 kg",,,,,,,,,,,,,,,,,,,,,,,,,,,,,,,,,,,,,,,,,
excavators,pc240lc-11,Komatsu SAA6D107LE-3,"Water-cooled, 4-cycle, direct injection","Turbocharged, aftercooled, Cooled EGR",6,107 mm x 124 mm,6.69 ltr,141 kW / 189 HP,132 kW / 177 HP,2000,Mechanical,EPA Tier 4,HydrauMind System,6,Variable displacement piston type,"Boom, arm, bucket, swing, and travel circuits",490 ltr/min,2 x axial piston motor with parking brake,1 x axial piston motor with swing holding brake,380 kgf/cm3,380 kgf/cm3,295 kgf/cm3,Two levers with pedals,Fully hydrostatic,202 kN 20570 kgf,3.0 / 5.5 km/h,Hydraulic lock,Mechanical disc brake,Hydrostatic,Planetary gear,Grease-bathed,Hydraulic lock,11.7 rpm,400 ltr,36 ltr,23.1 ltr,,7.2 ltr,132 ltr,23.1 ltr,"25,380 - 26,240 kg",33 kgf/cm3,Bore x Stroke x Rod diameter,2-135 mm x 1335 mm x 95 mm,1-140 mm x 1635 mm x 100 mm,1-130 mm x 1020 mm x 90 mm,70 %,Mechanical disc brake,X-frame leg,Box-section,Sealed track,Hydraulic,51,2,10,600 mm tripe grouser,,,5.0 ltr,,,9965,3845,2580,3180,3185,440,5.9 standard,3.0 standard,13200,17500,6920,10180,10020,3020,,,,,,,,,,,,,,,,,,,,,,,,,,,,,,,,,,,,,,,,,3000 mm,5900 mm,,,,,,,,,,,,,,,,,,,,,,,,,,,,,,,,,,,,,,,
excavators,pc270-lc-8,Komatsu SAA6D107E-1,"Water-cooled, 4-cycle, direct injection","Turbocharged, aftercooled",6,107 mm x 124 mm,6.69 ltr,149 kW / 200 HP,140 kW / 187 HP,2050,Mechanical,EPA Tier 3,HydrauMind System,4,Variable displacement piston type,"Boom, arm, bucket, swing, and travel circuits",450 ltr/min,2 x axial piston motor with parking brake,1 x axial piston motor with swing holding brake,380 kgf/cm3,380 kgf/cm3,295 kgf/cm3,Two levers with pedals,Fully hydrostatic,249 kN 25400 kgf,3.0 / 5.5 km/h,Hydraulic lock,Mechanical disc brake,Hydrostatic,Planetary gear,Grease-bathed,Hydraulic lock,10.5 rpm,400 ltr,20.6 ltr,23.1 ltr,,8.2 ltr,132 ltr,None,,33 kgf/cm3,Bore x Stroke x Rod diameter,2-140 mm x 1300 mm x 100 mm,1-150 mm x 1635 mm x 110 mm,1-140 mm x 1009 mm x 100 mm,70 %,Mechanical disc brake,X-frame leg,Box-section,Sealed track,Hydraulic,45 - 48,2,7 - 8,600 mm triple grouser,,,8.5 ltr,,,9860,3700,2590,3190,3205,498,5.85 standard,3.45 standard,14100,20200,6460,10100,9990,2940,,,,,,,,,,,,,,,,,,,,,,,,PC270-8,,,,,,,,,,,,,,,,,,,"27,850 - 28,320 kg","28,870 - 29,340 kg",PC270-8,,,,,,,,,,,,,,,,,,,,,,,,,,,,,,,,,,,,
excavators,pc290lc-11,Komatsu SAA6D107E-3,"Water-cooled, 4-cycle, direct injection","Turbocharged, aftercooled, cooled EGR",6,107 mm x 124 mm,6.69 ltr,159 kW / 213 HP,147 kW / 196 HP,2050,Mechanical,EPA Tier 4,HydrauMind System,6,Variable displacement piston type,"Boom, arm, bucket, swing, and travel circuits",490 ltr/min,2 x axial piston motor with parking brake,1 x axial piston motor with swing holding brake,380 kgf/cm3,380 kgf/cm3,295 kgf/cm3,Two levers with pedals,Fully hydrostatic,"249 kN 25,400 kgf",3.0 / 5.5 km/h,Hydraulic lock,Mechanical disc brake,Hydrostatic,Planetary gear,Grease-bathed,Hydraulic lock,10.5 rpm,400 ltr,36 ltr,23.1 ltr,,7.2 ltr,132 ltr,23.1 ltr,"29,800 - 31,210 kg",33 kgf/cm3,Bore x Stroke x Rod diameter,2-140 mm x 1300 mm x 100 mm,1-150 mm x 1635 mm x 110 mm,1-140 mm x 1009 mm x 100 mm,70 %,Mechanical disc brake,X-frame leg,Box-section,Sealed track,Hydraulic,48,2,8,600 mm triple grouser,,,8.0 ltr,,,10265,4955,2590,3190,3295,495,6.15 standard,3.2 standard,13600,20200,6910,10710,10450,3020,,,,,,,,,,,,,,,,,,,,,,,,,,,,,,253 ltr,,,,,,,,,,,,,,,,,,,,,,,,,,,,,,,,,,,,,,,,,,,,,,,,,,,
excavators,pc300-lc-8m0,Komatsu SAA6D114E-3,"Water-cooled, 4-cycle, direct injection","Turbocharged, aftercooled",6,114 mm x 135 mm,8.27 ltr,194 kW / 260 HP,187 kW / 250 HP,1950,Mechanical,EPA Tier 3,HydrauMind System,6,Two variable displacement piston type,"Boom, arm, bucket, swing, and travel circuits",535 ltr/min,2 x axial piston motor with parking brake,1 x axial piston motor with swing holding brake,380 kgf/cm3,380 kgf/cm3,285 kgf/cm3,Two levers with pedals,Fully hydrostatic,264 kN 26900 kgf,3.2 / 5.5 km/h,Hydraulic lock,Mechanical disc brake,Hydrostatic,Planetary gear,Grease-bathed,Hydraulic lock,9.5 rpm,605 ltr,31 ltr,37 ltr,,16.5 ltr,188 ltr,None,,33 kgf/cm3,Bore x Stroke x Rod diameter,2-140 mm x 1480 mm x 100 mm,1-160 mm x 1825 mm x 110 mm,1-140 mm x 1285 mm x 100 mm,70 %,Mechanical disc brake,X-frame leg,Box-section,Sealed track,Hydraulic,45 - 48,2,7 - 8,600 mm triple grouser,,,9.0 ltr,,,11150,3700,2590,3190,3285,500,6.47 standard,3.2 standard,17400,23200,7380,11100,10920,3450,,,,,,,,,,,,,,,,,,,,,,,,PC300-8M0,,,,,,,,,,,,,,,,,,,,,,"33,490- 33,870 kg","34,140 - 34,520 kg",,,,,,,,,,,,,,,,,,,,,,,,,,,,,,,,,,
excavators,pc3000-6,Komatsu SSA12V159,"Water-cooled, 4-cycle, direct injection","Turbocharged, aftercooled",12,,,,895 kW / 1200 HP,1800,,EPA Tier 2,Diesel or electric motor,,,,,,,,,,,,,,Hydraulic brake,"Wet, multiple-disc",,,,,4.6 rpm,"4,500 ltr",254 ltr,190 ltr,,,,None,"250,000 - 261,000 kg",,,,,,57 %,,,,,Automatic Hydraulic type,46,3,7,,,,,,,,,,,,,,,,,,,,,,,,,,,,,,,,,,,,,,,,,,,,,,,,,,"4,400 ltr",,,,,,,,,,,,,,,,,,12,940 kW / 1260 HP,3 x 910 ltr/min,800 ltr/min,200 microns,Squirrel cage induction motor,900 kW,6.000 - 7.200 V,96 A - 80 A,60 Hz @ 1800 rpm,50 Hz @ 1500 rpm,2 foot pedals,Max 2.4 km/h,24 V,4 x 12 V,140 A,12 Xenon lights,throughout the platform,1,Hydraulic brake,"Wet, multiple-disc",External,"2,900 ltr",15m3,18m3,,,,,,,,,
excavators,pc30mr-5,Komatsu 3D88E-7,"Water-cooled, 4-cycle, direct injection",Cooled EGR,3,88 mm x 90 mm,1.642 ltr,18.2 kW,17.4 kW,2200,Mechanical,EPA Tier 4 Final,HydrauMind System,2,"Variable displacement, axial piston","Boom, arm, bucket, and travel circuits",69.8 ltr/min,2 x axial piston motors with parking brake,1 x axial piston motor with swing holding brake,265 kgf/cm3,265 kgf/cm3,220 kgf/cm3,Two levers with pedals,Fully hydrostatic,33.2 kN 3400 kgf,2.6 / 4.6 km/h,Hydraulic lock,Mechanical disc brake,Hydrostatic,Planetary gear,Grease-bathed,Hydraulic lock,9 rpm,40.6 ltr,3.3 ltr,6.7 ltr,,,34 ltr,None,"3,150 - 3,300 kg",32 kgf/cm3,Bore x Stroke x Rod diameter,1-80 mm x 550 mm x 45 mm,1-75 mm x 495 mm x 45 mm,1-65 mm x 490 mm x 40 mm,30 %,Mechanical disc brake,X-frame leg,Box-section,Sealed track,Hydraulic,44,1,4,,,,0.6 ltr,,,,,,,,,,,,,,,,,,,,,,,,,,,,,,,,,,,,,,,,,,,,,,,,,,,,,,,,,,,,,,,,,,,,,,,,,,,,,,,,,,,,,,,,,,,,,,,,,
excavators,pc350lc-8m0,Komatsu SAA6D114E-3,"Water-cooled, 4-cycle, direct injection","Turbocharged, aftercooled",6,114 mm x 135 mm,8.27 ltr,194 kW / 260 HP,187 kW / 250 HP,1950,Mechanical,EPA Tier 3,HydrauMind System,6,Two Variable displacement piston type,"Boom, arm, bucket, swing, and travel circuits",535 ltr/min,2 x axial piston motor with parking brake,1 x axial piston motor with swing holding brake,380 kgf/cm3,380 kgf/cm3,285 kgf/cm3,Two levers with pedals,Fully hydrostatic,264 kN 26900 kgf,3.2 / 5.5 km/h,Hydraulic lock,Mechanical disc brake,Hydrostatic,Planetary gear,Grease-bathed,Hydraulic lock,9.5 rpm,605 ltr,31 ltr,37 ltr,,16.5 ltr,188 ltr,None,"35,800 - 36,330 kg",33 kgf/cm3,Bore x Stroke x Rod diameter,2-140 mm x 1480 mm x 100 mm,1-160 mm x 1825 mm x 110 mm,1-140 mm x 1285 mm x 100 mm,70 %,Mechanical disc brake,X-frame,Box-section,Sealed track,Hydraulic,48,2,8,600 mm triple grouser,,,9.0 ltr,,,11140,4030,2710,3310,3285,644,6.47 Heavy duty,3.2 Heavy duty,17400,23200,7380,11100,10920,3450,,,,,,,,,,,,,,,,,,,,,,,,,,,,,,,,,,,,,,,,,,,,,,,,,,,,,,,,,,,,,,,,,,,,,,,,,,,,,,,,,
excavators,pc35mr-5,Komatsu 3D88E-7,"Water-cooled, 4-cycle, direct injection",Cooled EGR,3,88 mm x 90 mm,1.642 ltr,18.2 kW / 24.4HP,17.4 kW / 23.3HP,2200,Mechanical,EPA Tier 4 Final,HydrauMind System,2,"Variable displacement, axial piston","Boom, arm, bucket, and travel circuits",69.8 ltr/min,2 x axial piston motors with parking brake,1 x axial piston motor with swing holding brake,265 kgf/cm3,265 kgf/cm3,220 kgf/cm3,Two levers with pedals,Fully hydrostatic,33.2 kN 3400 kgf,2.6 / 4.6 km/h,Hydraulic lock,Mechanical disc brake,Hydrostatic,Planetary gear,Grease-bathed,Hydraulic lock,9 rpm,40.6 ltr,3.3 ltr,6.7 ltr,,,39 ltr,None,"3,620 - 3,770 kg",32 kgf/cm3,Bore x Stroke x Rod diameter,1-80 mm x 585 mm x 45 mm,1-75 mm x 595 mm x 45 mm,1-65 mm x 490 mm x 40 mm,30 %,Mechanical disc brake,X-frame leg,Box-section,Sealed track,Hydraulic,44,1,4,,,,0.6 ltr,,,,,,,,,,,,,,,,,,,,,,,,,,,,,,,,,,,,,,,,,,,,,,,,,,,,,,,,,,,,,,,,,,,,,,,,,,,,,,,,,,,,,,,,,,,,,,,,,
excavators,pc360lc-11,Komatsu SAA6D114E-6,"Water-cooled, 4-cycle, direct injection","Turbocharged, aftercooled",6,114 mm x 144.5 mm,8.85 ltr,202 kW / 271 HP,192 kW / 257 HP,1950,Mechanical,EPA Tier 4,HydrauMind System,6,Variable displacement piston type,"Boom, arm, bucket, swing, and travel circuits",535 ltr/min,2 x axial piston motor with parking brake,1 x axial piston motor with swing holding brake,380 kgf/cm3,380 kgf/cm3,285 kgf/cm3,Two levers with pedals,Fully hydrostatic,290 kN 29570 kgf,3.2 / 5.5 km/h,Hydraulic lock,Mechanical disc brake,Hydraulic motor,Planetary gear,Grease-bathed,Hydraulic lock,9.5 rpm,605 ltr,37 ltr,35 ltr,,13.7 ltr,188 ltr,39 ltr,"35,950 - 37,440 kg",33 kgf/cm3,Bore x Stroke x Rod diameter,2-140 mm x 1480 mm x 100 mm,1-160 mm x 1825 mm x 110 mm,1-140 mm x 1285 mm x 100 mm,70 %,Mechanical disc brake,X-frame,Box-section,Sealed track,Hydraulic,48,2,8,600 mm triple grouser,,,9.0 ltr,,,11145,4030,2590,3190,3285,498,6.5 Heavy duty,3.2 Heavy duty,17400,23200,7380,11100,10920,3445,,,,,,,,,,,,,,,,,,,,,,,,,,,,,,,,,,,,,,,,,,,,,,,,,,,,,,,,,,,,,,,,,,,,,,,,,,,,,,,,,
excavators,pc360lci-11,Komatsu SAA6D114E-6,"Water-cooled, 4-cycle, direct injection","Variable geometry turbocharged, aftercooled",6,114 mm x 144.5 mm,8.85 ltr,202 kW / 271 HP,192 kW / 257 HP,1950,Mechanical,EPA Tier 4,HydrauMind System,6,Variable displacement axial piston type,"Boom, arm, bucket, swing, and travel circuits",535 ltr/min,2 x axial piston motor with parking brake,1 x axial piston motor with swing holding brake,380 kgf/cm3,380 kgf/cm3,285 kgf/cm3,Two levers with pedals,Hydrostatic,290 kN 29570 kgf,3.2 / 5.5 km/h,Hydraulic lock,Mechanical disc brake,Hydraulic motor,Planetary gear,Grease-bathed,Hydraulic lock,9.5 rpm,605 ltr,37 ltr,35 ltr,,13.7 ltr,188 ltr,,"36,490 - 37,440 kg",33 kgf/cm3,Bore x Stroke x Rod diameter,2-140 mm x 1480 mm x 100 mm,1-160 mm x 1825 mm x 110 mm,1-140 mm x 1285 mm x 100 mm,70 %,Mechanical disc brake,X-frame,Box-section,Sealed track,Hydraulic,48,2,8,,,,9.0 ltr,,,11145,4030,2590,3190,3285,498,6.5 Heavy duty,3.2 Heavy duty,17400,23200,7380,11100,10920,3445,,,,,,,,,,,,,,,,,,,,,,,,,,,,,,,,,,,,,,,,,,,,,,,,,,,,,,,,,,,,,,,,,,,,,,,,,39 ltr,,,,,,,,
excavators,pc4000-11,Komatsu SDA16V160E-2,"4-cycle, water-cooled, direct injection","Turbocharged, aftercooled",16,,,,1400 kW / 1875 HP,1800,,EPA Tier 4,Open circuit hydraulics,,,,,,,,,,,,,,,,,,,,4.0 rpm,"6,910 ltr",475 ltr,,,,,587ltr,"393,000 - 409,000 kg",,,,,,,,,,,Automatic Hydraulic type,49,3,7,,,,,,,,,,,,,,,,,,,,,,,,,,,,,,,,,,,,,,,,,,,,,,,,,,"5,900 ltr",,,,,,,,,,,,,,,,,,16,1400 kW / 1874 HP,,"1,590 ltr/min",200 microns,,,,,,,,,24 V,2 x 2 x 12 V,260 A,14 LED lights,Throughout the platform,2,Hydraulic brake,Multiple-disc,External,"3,900 ltr",,,,"4,140 ltr/min",290 ltr,,,,,,
excavators,pc450lc-8,Komatsu SAA6D125E-5,"Water-cooled, 4-cycle, direct injection","Turbocharged, aftercooled, cooled EGR",6,125 mm x 150 mm,11.04 ltr,270 kW / 362 HP,257 kW / 345 HP,1900,Mechanical,EPA Tier 3,HydrauMind System,4,Variable displacement piston type,"Boom, arm, bucket, swing, and travel circuits",690 ltr/min,2 x axial piston motor with parking brake,1 x axial piston motor with swing holding brake,380 kgf/cm3,380 kgf/cm3,285 kgf/cm3,Two levers with pedals,Fully hydrostatic,"330 kN 33,700 kgf",3.0 / 5.5 km/h,Hydraulic lock,Mechanical disc brake,Hydrostatic,Planetary gear,Grease-bathed,Hydraulic lock,9.1 rpm,650 ltr,36 ltr,37 ltr,,20 ltr,248 ltr,None,"44,400 - 44,850 kg",33 kgf/cm3,Bore x Stroke x Rod diameter,2-160 mm x 1570 mm x 110 mm,1-185 mm x 1985 mm x 130 mm,1-160 mm x 1270 mm x 110 mm,70 %,Mechanical disc brake,X-frame leg,Box-section,Sealed track,Hydraulic,49,2,8,600 mm triple grouser,,,10.5 ltr,,,12040,4350,2740,3340,3660,550,7.1 Standard,3.4 Standard,23800,28300,7790,12005,11800,3645,,,,,,,,,,,,,,,,,,,,,,,,,,,,,,,,,,,,,,,,,,,,,,,,,,,,,,,,,,,,,,,,,,,,,,,,,,,,,,,,,
excavators,pc450lc-8se,Komatsu SAA6D125E-5,"Water-cooled, 4-cycle, direct injection","Turbocharged, aftercooled, cooled EGR",6,125 mm x 150 mm,11.04 ltr,270 kW / 362 HP,257 kW / 345 HP,1900,Mechanical,EPA Tier 3,HydrauMind System,4,Variable displacement piston type,"Boom, arm, bucket, swing, and travel circuits",690 ltr/min,2 x axial piston motor with parking brake,1 x axial piston motor with swing holding brake,380 kgf/cm3,380 kgf/cm3,295 kgf/cm3,Two levers with pedals,Fully hydrostatic,"330 kN 33,700 kgf",3.0 / 5.5 km/h,Hydraulic lock,Mechanical disc brake,Hydrostatic,Planetary gear,Grease-bathed,Hydraulic lock,9.1 rpm,650 ltr,36 ltr,37 ltr,,20 ltr,248 ltr,None,"46,440 - 47,470 kg",33 kgf/cm3,Bore x Stroke x Rod diameter,2-160 mm x 1570 mm x 110 mm,1-185 mm x 1985 mm x 130 mm,1-160 mm x 1270 mm x 110 mm,70 %,Mechanical disc brake,X-frame leg,Box-section,Sealed track,Hydraulic,49,2,8,600 mm triple grouser,,,10.5 ltr,,,11590,4350,2740,3430,3720,685,6.7 Heavy duty,2.9 Heavy duty,26200,28300,6902,11083,10868,3645,,,,,,,,,,,,,,,,,,,,,,,,,,,,,,,,,,,,,,,,,,,,,,,,,,,,,,,,,,,,,,,,,,,,,,,,,,,,,,,,,
excavators,pc45mr-5,Komatsu 4D88E-7,"Water-cooled, 4-cycle, direct injection",Cooled EGR,4,88 mm x 90 mm,2.189 ltr,29.1 kW / 39 HP,28.3 kW / 38 HP,2400,Mechanical,EPA Tier 4 Final,HydrauMind System,2,"Variable displacement, axial piston","Boom, arm, bucket, and travel circuits",153.3 ltr/min,2 x axial piston motors with parking brake,1 x axial piston motor with swing holding brake,270 kgf/cm3,270 kgf/cm3,220 kgf/cm3,Two levers with pedals,Fully hydrostatic,42 kN 4280 kgf,2.6 / 4.6 km/h,Hydraulic lock,Mechanical disc brake,Hydrostatic,Planetary gear,Grease-bathed,Hydraulic lock,9 rpm,65 ltr,8.9 ltr,8.1 ltr,,,55 ltr,None,"4,860 - 4,980 kg",32 kgf/cm3,Bore x Stroke x Rod diameter,1-90 mm x 691 mm x 50 mm,1-80 mm x 649 mm x 50 mm,1-70 mm x 580 mm x 45 mm,30 %,Mechanical disc brake,X-frame leg,Box-section,Sealed track,Hydraulic,39,1,4,,,,0.7 ltr,,,,,,,,,,,,,,,,,,,,,,,,,,,,,,,,,,,,,,,,,,,,,,,,,,,,,,,,,,,,,,,,,,,,,,,,,,,,,,,,,,,,,,,,,,,,,,,,,
excavators,pc490lc-11,Komatsu SAA6D125E-7,"Water-cooled, 4-cycle, direct injection","Turbocharged, aftercooled",6,125 mm x 150 mm,11.04 ltr,270 kW / 362 HP,268 kW / 359 HP,1900,Hydraulic,EPA Tier 4 Final,HydrauMind System,6,Variable displacement piston type,"Boom, arm, bucket, swing, and travel circuits",780 ltr/min,2 x axial piston motor with parking brake,1 x axial piston motor with swing holding brake,380 kgf/cm3,380 kgf/cm3,285 kgf/cm3,Two levers with pedals,Fully hydrostatic,329 kN 33510 kgf,3.0 / 5.5 km/h,Hydraulic lock,Mechanical disc brake,Hydraulic motor,Planetary gear,Grease-bathed,Hydraulic lock,9.1 rpm,650 ltr,47 ltr,38 ltr,,20 ltr,248 ltr,39,"47,890 - 49,680 kg",33 kgf/cm3,Bore x Stroke x Rod diameter,2-160 mm x 1570 mm x 110 mm,1-185 mm x 1820 mm x 120 mm,1-160 mm x 1270 mm x 110 mm,70 %,Mechanical disc brake,X-frame leg,Box-section,Sealed track,Hydraulic,49,2,8,600 mm triple grouser,,,11.0 ltr,,,11930,4350,2740,3340,3635,568,7.0 Heavy duty,3.4 Heavy duty,21800,28000,7755,12030,11810,3645,,,,,,,,,,,,,,,,,,,,,,,,,,,,,,,,,,,,,,,,,,,,,,,,,,,,,,,,,,,,,,,,,,,,,,,,,,,,,,,,,
excavators,pc5500-6,2 x Komatsu SDA12V159E-2,"Water-cooled, 4-cycle, direct injection","Turbocharged, aftercooled",12,,,,2 x 940 kW / 2 x 1260 HP,1800,,EPA Tier 2,Open circuit hydraulics,,,,,,,,,,,,,,Hydraulic brake,"Wet, multiple-disc",,,,,3.1 rpm,"10,355 ltr",2 x 360 ltr,,,,,None,"539,000 - 552,000 kg",,,,,,50 %,,,Steel box-section,,Automatic Hydraulic type,46,3,7,,,,,,,,,,,,,,,,,,,,,,,,,,,,,,,,H-type,,,,,,,,,,,,,,,,,,"6,000 ltr",,,,,,,,,,,,,,,,,,,,,700 ltr/min,200 microns,2 x Squirrel cage induction motor,2 x 900 kW,6.000 - 7.200 V,2 x 96 A - 2 x 80 A,60 Hz @ 1800 rpm,50 Hz @ 1500 rpm,2 foot pedals,Max 2.1 km/h,24 V,4 x 12 V,,14 LED lights,throughout the platform,2,Hydraulic brake,"Wet, multiple-disc",External,"3,715 ltr",,,,"4,200 ltr/min",2 x 190 ltr,2 x 500 ltr,,,,,
excavators,pc55mr-5,Komatsu 4D88E-7,"Water-cooled, 4-cycle, direct injection",Cooled EGR,4,88 mm x 90 mm,2.189 ltr,29.1 kW / 39 HP,28.3 kW / 38 HP,2400,Mechanical,EPA Tier 4 Final,HydrauMind System,2,"Variable displacement, axial piston","Boom, arm, bucket, and travel circuits",153.3 ltr/min,2 x axial piston motors with parking brake,1 x axial piston motor with swing holding brake,270 kgf/cm3,270 kgf/cm3,220 kgf/cm3,Two levers with pedals,Fully hydrostatic,42 kN 4280 kgf,2.6 / 4.6 km/h,Hydraulic lock,Mechanical disc brake,Hydrostatic,Planetary gear,Grease-bathed,Hydraulic lock,9 rpm,65 ltr,8.9 ltr,8.1 ltr,,,55 ltr,None,"5,140 - 5,260 kg",32 kgf/cm3,Bore x Stroke x Rod diameter,1-90 mm x 691 mm x 50 mm,1-85 mm x 733 mm x 55 mm,1-75 mm x 580 mm x 50 mm,30 %,Mechanical disc brake,X-frame leg,Box-section,Sealed track,Hydraulic,39,1,4,,,,0.7 ltr,,,,,,,,,,,,,,,,,,,,,,,,,,,,,,,,,,,,,,,,,,,,,,,,,,,,,,,,,,,,,,,,,,,,,,,,,,,,,,,,,,,,,,,,,,,,,,,,,
excavators,pc600lc-8e0,Komatsu SAA6D140E-5,"Water-cooled, 4-cycle, direct injection","Turbocharged, aftercooled, cooled EGR",6,140 mm x 165 mm,15.24 ltr,323 kW / 433 HP,320 kW / 429 HP,1800,Hydraulic,EPA Tier 3,Open-center load-sensing System,3,Variable displacement piston type,"Boom, arm, bucket, swing, and travel circuits",2 x 410 ltr/min,2 x axial piston motor with parking brake,2 x axial piston motor with swing holding brake,,350 kgf/cm3,260 kgf/cm3,Two levers with pedals,Fully hydrostatic,415 kN 42300 kgf,3.0/4.9 km/h,Hydraulic lock,Oil disc brake,Hydrostatic,Planetary gear,Grease-bathed,Hydraulic lock,8.3 rpm,880 ltr,58 ltr,40 ltr,,2 x 13 ltr,360 ltr,None,"60,200 - 61,900 kg",30 kgf/cm3,Bore x Stroke x Rod diameter,2-185 mm x 1725 mm x 120 mm,1-200 mm x 2045 mm x 140 mm,1-185 mm x 1425 mm x 130 mm,70 %,Oil disc brake,,Box-section,Sealed track,Hydraulic,52,3,9,750 mm triple grouser,,,10 ltr,,,12590,4600,2590,3190,4300,780,7.7 Standard,3.5 Standard,25100,32300,8165,12615,12385,3950,,,,,,,,,,,,H-frame leg,,,,,,,,,,,,,,,,,,,,,,,,,,,,,,,,,,,,,,,,,,,,,,,,,,,,,,,,,,,,,,,,,325 kgf/cm3,300 kgf/cm3,,,
excavators,pc600lc-8e0se,Komatsu SAA6D140E-5,"Water-cooled, 4-cycle, direct injection","Turbocharged, aftercooled, cooled EGR",6,140 mm x 165 mm,15.24 ltr,323 kW / 433 HP,320 kW / 429 HP,1800,Hydraulic,EPA Tier 3,Open-center load-sensing System,3,Variable displacement piston type,"Boom, arm, bucket, swing, and travel circuits",2 x 410 ltr/min,2 x axial piston motor with parking brake,2 x axial piston motor with swing holding brake,,350 kgf/cm3,260 kgf/cm3,Two levers with pedals,Fully hydrostatic,415 kN 42300 kgf,3.0 / 4.0 km/h,Hydraulic lock,Oil disc brake,Hydrostatic,Planetary gear,Grease-bathed,Hydraulic lock,8.3 rpm,880 ltr,58 ltr,40 ltr,,2 x 13 ltr,360 ltr,None,"63,300 kg",30 kgf/cm3,Bore x Stroke x Rod diameter,2-185 mm x 1725 mm x 120 mm,1-200 mm x 2045 mm x 140 mm,1-185 mm x 1425 mm x 130 mm,70 %,Oil disc brake,X-frame leg,Box-section,Sealed track,Hydraulic,52,3,9,750 mm triple grouser,,,10 ltr,,,11980,4600,3300,4050,4600,780,6.6 Heavy duty,2.9 Heavy duty,27700,34300,7060,11550,11300,3950,,,,,,,,,,,,,,,,,,,,,,,,,,,,,,,,,,,,,,,,,,,,,,,,,,,,,,,,,,,,,,,,,,,,,,,,,,,,,325 kgf/cm3,300 kgf/cm3,,,
excavators,pc7000-11,Komatsu SSDA16V159E-2,"Water-cooled, 4-cycle, direct injection","Turbocharged, aftercooled",16,,,,2 x 1250 kW / 2 x 1675 HP,1800,,EPA Tier 2,Open circuit hydraulics,,,,,,,,,,,,,,Hydraulic brake,"Wet, multiple-disc",,,,,3.1 rpm,"13,033 ltr",2 x 440 ltr,,,,,None,"684,000 - 694,000 kg",,,,,,50 %,,,Steel box-section,,Automatic Hydraulic type,48,3,7,,,,,,,,,,,,,,,,,,,,,,,,,,,,,,,,H-type,,,,,,,,,,,,,,,,,,"9,500 ltr",,,,,,,,,,,,,,,,,,,,,"1,035 ltr/min",200 microns,2 x Squirrel cage induction motor,2 x 1200 kW,6.000 - 7.200 V,2 x 128 A - 2 x 107 A,60 Hz @ 1800 rpm,50 Hz @ 1500 rpm,2 foot pedals,Max 2.5 km/h,24 V,4 x 12 V,,16 LED lights,throughout the platform,3,Hydraulic brake,"Wet, multiple-disc",External,"4,750 ltr",,,,"6,210 ltr/min",2 x 236 ltr,2 x 665 ltr,,,3 x 100 A,,
excavators,pc78uu-10,Komatsu SAAD95LE-6,"Water-cooled, 4-cycle, direct injection","Turbocharged, aftercooled, cooled EGR",4,95 mm x 115 mm,3.26 ltr,50.7 kW / 68.0 HP,48.8 kW / 65.5 HP,1950,Mechanical,EPA Tier 4 Final,HydrauMind System,,"Variable displacement, axial piston","Boom, arm, bucket, and travel circuits",160 ltr/min,2 x piston motor with parking brake,1 x piston motor with swing holding brake,270 kgf/cm3,270 kgf/cm3,210 kgf/cm3,Two levers with pedals,Fully hydrostatic,66.9 kN 6820 kgf,2.9 / 5.0 km/h,Hydraulic lock,Mechanical disc,Hydraulic motor,Planetary gear,Grease-bathed,,10 rpm,125 ltr,10 ltr,11.5 ltr,,2.0 ltr,102 ltr,None,"7,960 kg",,Bore x Stroke x Rod diameter,1-120 mm x 1015 mm x 70 mm,1-110 mm x 715 mm x 65 mm,1-90 mm x 710 mm x 55 mm,,Mechanical disc brake,X-frame leg,Box-section,Sealed track,Hydraulic,39,1,5,,,,1.1 ltr,,,,,,,,,,,,,,,,,,,,,,,,,,,,,,,,,,,,,,,,,,,,,,,,,,,,,,,,,,,,,,,,,,,,,,,,,,,,,,,,,,,,,,,,,,,,,,,,1-110 mm x 350 mm x 55 mm,
excavators,pc8000-6,2 x Komatsu SDA16V160E-2,"Water-cooled, 4-cycle, direct injection","Turbocharged, aftercooled",16,,,,2 x 1500 kW / 2 x 2010 HP,1800,,EPA Tier 2,Open circuit hydraulics,,,,,,,,,,,,,,Hydraulic brake,"Wet, multiple-disc",,,,,2.7 rpm,"13,925 ltr",2 x 430 ltr,,,,,None,"740,000 - 771,000 kg",,,,,,50 %,,,Steel box-section,,Automatic Hydraulic type,49,3,8,,,,,,,,,,,,,,,,,,,,,,,,,,,,,,,,H-type,,,,,,,,,,,,,,,,,,"11,500 ltr",,,,,,,,,,,,,,,,,,,,,"2,070 ltr/min",200 microns,2 x Squirrel cage induction motor,2 x 1450 kW,6.000 - 7.200 V,2 x 155 A - 2 x 128 A,60 Hz @ 1800 rpm,50 Hz @ 1500 rpm,2 foot pedals,Max 2.4 km/h,24 V,4 x 12 V,,14 LED lights,throughout the platform,3,Hydraulic brake,"Wet, multiple-disc",External,"7,750 ltr",,,,"8,280 ltr/min",2 x 290 ltr,"2 x 1,056 ltr",,,,,
excavators,pc850se-8e0,Komatsu SAA6D140E-5,"Water-cooled, 4-cycle, direct injection","Turbocharged, aftercooled, cooled EGR",6,140 mm x 165 mm,15.24 ltr,370 kW / 496 HP,363 kW / 487 HP,1800,Hydraulic,EPA Tier 3,Open-center load-sensing System,2,Variable displacement piston type,"Boom, arm, bucket, swing, and travel circuits",2 x 494 ltr/min,2 x axial piston motor with parking brake,2 x axial piston motor with swing holding brake,320 kgf/cm3,350 kgf/cm3,290 kgf/cm3,Two levers with pedals,Fully hydrostatic,559 kN 57000 kgf,2.8 / 4.2 km/h,Hydraulic lock,Oil disc brake,Hydraulic motors,Planetary gear,Grease-bathed,,6.8 rpm,980 ltr,100 ltr,53 ltr,,2 x 24.5 ltr,470 ltr,None,"78,600 - 79,800 kg",30 kgf/cm3,Bore x Stroke x Rod diameter,2-200 mm x 1950 mm x 140 mm,1-185 mm x 1610 mm x 120 mm,1-225 mm x 1420 mm x 160 mm,70 %,Oil disc brake,H-frame leg,Box-section,Sealed track,Hydraulic,47,3,8,610 mm double grouser,,,20 ltr,,,13130,4500,3500,4110,4615,840,7.1 Heavy duty,2.945 Heavy duty,38100,48000,7130,12265,11945,4400,,,,,,,,,,,,,,,,,,,,,,,,,,,,,,,,,,,,,,,,,,,,,,,,,,,,,,,,,,,,,,,,,,,,,,,,,,,,,,,,,350 kgf/cm3
excavators,pc88mr-10,Komatsu SAAD95LE-6,"Water-cooled, 4-cycle, direct injection","Turbocharged, aftercooled, cooled EGR",4,95 mm x 115 mm,3.26 ltr,50.7 kW / 68 HP,48.8 kW / 65.5HP,1950,Mechanical,EPA Tier 4 Final,HydrauMind System,6,"Variable displacement, axial piston","Boom, arm, bucket, and travel circuits",160 ltr/min,2 x piston motor with parking brake,1 x piston motor with swing holding brake,270 kgf/cm3,270 kgf/cm3,215 kgf/cm3,Two levers with pedals,Fully hydrostatic,66.9 kN 6820 kgf,2.8 / 5.0 km/h,Hydraulic lock,Mechanical disc,Hydraulic motor,Planetary gear,Grease-bathed,,10 rpm,125 ltr,13 ltr,11.5 ltr,,2.8 ltr,56 ltr,None,"8,500 - 8,750 kg",33 kgf/cm3,Bore x Stroke x Rod diameter,1-115 mm x 988 mm x 65 mm,1-100 mm x 861 mm x 60 mm,1-90 mm x 710 mm x 55 mm,,Mechanical disc,X-frame leg,Box-section,Sealed track,Hydraulic,39,1,5,,,,1.1 ltr,,,,,,,,,,,,,,,,,,,,,,,,,,,,,,,,,,,,,,,,,,,,,,,,,,,,,,,,,,,,,,,,,,,,,,,,,,,,,,,,,,,,,,,,,,,,,,,,,
